date,sleepquality,sleepduration,bpm,steps,kcal,moving,standing,stress,screentime,temperature,aqi,positiveevents,negativeevents,mood
1/1/2023,69.29773915,365.035426,82.16202277,7571.481346,737.2419687,0.446738411,7.390111319,24.09969197,508.7661305,30.13046273,70.07683903,0.578856734,-0.119766182,0.341402919
1/2/2023,41.12110431,308.8927834,86.06842206,5540.149311,669.5294919,14.61373926,0.948232204,24.94633138,445.6838294,33.09700328,76.09099709,1.067869073,0.386793864,0.326922557
1/3/2023,35.80527088,281.0490435,83.47735996,7891.976429,513.3902624,-8.079208754,7.315733693,24.94550406,461.2948939,32.24974521,59.01429471,1.496812099,0.849933551,-0.130084684
1/4/2023,51.30341888,459.3158201,84.58951673,13138.88846,717.106842,6.093388396,1.529502842,25.39713321,502.8382397,31.84188614,59.3472956,1.200366625,-0.476123687,1.228148405
1/5/2023,48.23529559,463.2278321,83.86590521,8082.521593,619.8179969,14.71386531,8.296238548,24.45597853,343.0675838,30.47845692,53.66397506,1.372443562,-0.427937768,-0.371160263
1/6/2023,62.87418877,509.7665721,80.47170556,10120.88881,579.5319239,-4.0454992,-0.428466379,27.45247211,449.6594642,30.26741471,46.40646152,0.740016452,0.631596193,0.514527578
1/7/2023,70.61619166,295.6601831,83.9486353,5189.403611,833.3660874,3.564539015,0.030788479,24.4968586,568.0952985,27.84124201,61.98657497,1.196703075,-0.414661662,0.772441808
1/8/2023,58.07850159,386.7927727,87.38299102,7597.534278,640.4549261,38.94271739,0.653552743,24.00078834,687.1810715,31.23880523,42.5683862,0.535572117,0.827157753,0.239433644
1/9/2023,63.33188726,387.9940756,85.21287246,11200.68605,471.3139735,30.74219982,6.465895285,24.83341015,702.1071003,30.04631822,80.23930946,0.826544281,0.716651268,0.316094931
1/10/2023,46.43890062,533.293037,86.51007577,7337.719788,677.6680823,-10.17020324,-0.931990262,24.08483627,427.3705881,29.79613257,74.60542718,0.229000793,0.344837343,0.047472195
1/11/2023,58.17876068,365.1764546,86.32746426,12090.75379,678.5663285,12.05994579,10.02776158,23.59596236,589.0754258,31.36812992,61.38806727,0.563897499,0.502696312,0.191624379
1/12/2023,66.47045033,371.0110829,86.1086193,11783.78924,669.2648376,8.862952081,4.963789955,22.64576266,582.9843289,32.62843203,55.67652281,1.315608111,0.096667802,1.106447495
1/13/2023,38.77045632,216.1808716,85.13092535,6983.386726,644.4802536,23.74379579,2.898221281,24.76414803,466.1282796,34.26357234,62.65101076,0.495527121,0.783274962,0.491630157
1/14/2023,61.51168758,397.8519097,79.98546958,6952.327053,537.3654993,8.440081883,6.139216355,24.74066954,660.9556316,31.14309322,48.46626439,0.988640781,-0.086544967,0.419084733
1/15/2023,42.91008257,332.2099971,89.32428284,7325.541525,728.2214968,-8.369326916,12.25791956,27.51024323,527.1118887,29.64362324,61.88289611,1.072800315,0.107890871,0.514255792
1/16/2023,60.27956005,82.14866278,86.91353139,12507.5808,719.3178979,0.997822006,8.204676547,24.37641778,539.8428937,29.40400575,79.32345308,1.686105345,-0.11366021,0.713656778
1/17/2023,32.57816483,179.8124715,86.21253865,10488.35382,676.9800274,15.6235913,11.29372317,24.28099358,427.6647231,27.82167341,65.86922087,1.41764288,0.656553465,0.482441555
1/18/2023,52.85901627,276.7050755,81.5191859,3361.278995,593.8570644,23.86934451,3.467414182,25.86632623,655.6811575,30.84142774,41.06579424,0.884207029,0.230525995,0.125936116
1/19/2023,37.61003568,386.1324727,82.22636816,5787.917637,746.646301,26.75690293,2.222347904,22.88700924,504.7507031,31.56164866,55.57127547,1.512376182,0.782740708,1.630361945
1/20/2023,63.15659341,354.187039,88.93450482,7499.05387,505.966626,27.37042719,-1.610443863,24.22124282,495.6619006,29.45060226,82.63315769,0.681128696,0.389623414,1.084640686
1/21/2023,68.01627234,207.8046837,88.0902147,5580.225197,533.6331442,18.76984928,8.321867526,22.06691679,496.9398198,28.52916578,53.55821663,-0.101007541,0.498061572,0.361465524
1/22/2023,53.95501309,351.8013157,86.63084219,8261.97021,580.7693662,-22.05824434,12.27925887,25.90708559,365.675032,32.08820448,72.34681795,1.295561366,0.742847944,0.325212915
1/23/2023,70.55564011,563.6420952,82.76279386,5712.935197,571.6918405,11.60777214,4.539368529,25.92847416,588.5471484,29.37390501,59.76143951,0.79579611,0.32008532,0.453112775
1/24/2023,53.84017367,115.413292,81.81454169,11292.39889,411.3650176,21.47656641,11.47381325,24.13719816,381.18354,29.41160185,69.30493831,1.259109768,0.246062496,1.176309042
1/25/2023,48.20870266,249.8923108,88.1325358,8308.823749,560.3570141,30.31448164,4.227943992,25.05262,471.2036086,29.62511577,61.99124177,0.317149377,-0.206746571,-0.331934023
1/26/2023,33.48762912,502.1825301,85.72861565,6650.379649,910.2111071,-10.79007448,3.805236145,26.41908269,679.5042105,29.81827905,81.3158603,0.162518967,0.607671122,0.631666172
1/27/2023,59.9737887,315.945492,83.29210259,7777.694773,589.7781203,2.093963099,5.696678498,23.86843738,349.3193718,34.41348996,41.48009989,1.36772444,-0.015606885,0.98762413
1/28/2023,71.98992827,153.4469833,78.54634565,8824.678269,756.4487752,30.38218999,7.71903354,25.28656803,488.1361927,31.33817691,64.15408533,1.766041523,0.464130142,0.765340377
1/29/2023,37.59806237,432.3677582,86.01464515,6102.430675,849.560708,5.427124527,10.43768531,23.74656532,649.335733,33.33193597,51.06849295,0.766475079,-0.362571713,0.314537342
1/30/2023,31.79147475,215.4824812,86.49580721,11792.85485,657.4053254,8.359857905,13.28768952,26.3019296,669.3146751,31.11308873,59.88213574,0.667425822,0.341513397,0.479055985
1/31/2023,43.87920353,345.0247584,84.52326014,6834.831894,886.7805022,8.670509756,10.55076958,24.73424773,279.6535142,30.22558847,60.50412549,1.695788691,0.080118194,0.067061782
2/1/2023,64.85747825,515.6477926,85.58634612,13794.92397,677.1372182,42.67522768,-0.119638581,27.64343121,467.5956669,27.99929198,76.15272283,1.100386704,0.446918118,0.670112164
2/2/2023,48.45837522,344.4023551,82.90047034,11746.70023,807.5455783,17.46600382,1.539991744,24.90139391,630.0269099,30.06787734,77.8462299,1.577792638,0.205698646,0.810964405
2/3/2023,46.86364997,433.7347116,81.11776012,3775.977443,892.185694,14.59536571,7.163294494,22.6766365,593.9922806,32.57450071,66.42856204,1.281274685,0.389518943,0.42594854
2/4/2023,34.47828626,236.289594,83.23498369,6807.888965,888.1848427,13.48100363,2.876879146,26.65453515,515.549723,34.35442172,61.96066693,0.487521471,-0.099469875,0.798994464
2/5/2023,54.74584408,340.1071871,86.31351538,10842.10593,561.1283648,-11.41976428,3.806164167,28.45532402,492.012132,30.44488317,73.78076827,0.863195325,0.412970445,0.172509553
2/6/2023,58.32859508,505.0884889,84.17034511,8837.223598,786.5741258,22.00552557,7.2673455,25.99719403,594.3762078,28.36960365,77.30925934,1.666484757,-0.042499011,0.392805005
2/7/2023,59.10943589,284.883057,84.01386234,10747.22398,639.5479299,0.130996916,7.579237968,26.8300928,602.6150429,30.50667358,80.43561217,1.40745514,0.466275144,1.128202671
2/8/2023,53.18405274,496.5529894,81.54371252,12557.97596,499.8669245,17.05426486,10.88214078,26.35232772,742.6797513,32.7773482,61.9200335,1.665249256,0.104226618,0.651663317
2/9/2023,55.405039,375.700586,76.4783469,5977.55453,664.4940364,9.773271945,13.4948548,24.27147424,693.9838101,31.65075346,62.71733838,1.039088141,0.587220757,0.677335875
2/10/2023,47.49547891,296.0758789,90.66048061,9781.476867,721.5401743,7.259761862,-0.889845596,25.23459087,445.0783518,30.59914942,49.76502927,0.655981133,0.789348715,0.533823819
2/11/2023,31.6398705,579.3519752,83.4980192,8716.626761,462.1744856,-11.2570938,3.985193204,24.99946378,560.1610774,28.9512515,57.34186591,-0.566425716,-0.144536688,0.626003498
2/12/2023,40.86831514,197.3779669,86.25072707,10365.79624,498.8581252,-3.337898919,6.004034813,25.70070108,514.1403355,32.90348188,61.36199021,1.99067604,0.157937989,0.438862702
2/13/2023,73.14117986,275.1109199,88.93530515,10537.7521,372.5770595,-29.29560092,10.19812498,24.05319449,403.8048598,31.3958421,58.19105842,0.796779574,0.586210308,0.680780529
2/14/2023,33.52476663,388.3942143,85.50353058,4221.107405,668.4684856,16.24124646,6.453388543,27.10903855,509.4906046,30.82714191,58.38327309,0.965244009,0.644192109,0.523172872
2/15/2023,61.81760873,275.98928,81.6616006,4360.199981,656.9868402,23.67679323,0.572498643,24.51269377,574.5951937,32.25557554,51.98059322,1.942797809,-0.125644189,0.521792078
2/16/2023,67.88755587,431.2302316,84.71697524,9667.279536,607.3221314,-12.50779624,9.373284848,23.95676024,433.774712,30.61063286,74.88219589,2.127383066,-0.369804929,-0.037026061
2/17/2023,58.58663859,376.8640424,84.98172732,5725.272485,886.1552756,19.73155731,12.51050463,25.010879,476.4285361,30.54068762,85.45323289,0.270939241,0.135626142,0.603343878
2/18/2023,36.93349031,377.4261313,79.12073117,8059.708332,780.860821,17.05650468,11.80822869,25.59849783,385.1134781,31.15631884,71.09746091,1.501644453,0.825766772,0.390393766
2/19/2023,50.75576246,242.531713,89.15198282,11755.64785,924.8754423,-3.568641294,3.578107097,26.93804113,384.3885647,30.91820183,55.16724683,1.467513785,0.131860933,0.876670544
2/20/2023,56.04437447,421.3674863,82.90190578,11741.2603,508.7172333,9.147164288,7.725373241,23.18441519,619.1830085,29.20906851,57.36193064,1.075534844,-0.137479152,-0.728025881
2/21/2023,60.40546335,247.2462433,80.64513425,11122.93031,748.5889946,24.91408882,4.93019564,24.70811328,610.0967327,34.81886853,70.27560504,-0.110570002,0.005096947,0.54796412
2/22/2023,48.17750556,356.6167607,77.53559234,5608.001631,541.6130699,-4.389212817,-0.477930812,25.48765349,385.3803342,29.24241703,65.54636068,0.864184182,-0.358287112,1.09230463
2/23/2023,42.82957963,275.720307,81.74698801,10963.51081,552.9851676,3.030244015,6.220106398,26.16577707,312.9256534,29.07066673,50.40476153,0.851394462,0.578661095,0.388963142
2/24/2023,68.47360414,311.6781181,82.29907024,10995.97387,811.1279405,-9.563523439,4.72355041,22.53742419,418.0175838,30.11343362,78.5576347,1.164771317,0.453613842,0.428216154
2/25/2023,55.24909547,509.9224673,86.28371119,11319.38375,805.5280337,11.4779355,1.609600131,25.25821324,447.5892522,31.60085433,70.44136676,2.496613326,-0.014071349,0.346477958
2/26/2023,59.31417137,318.5505811,83.910932,9951.997174,405.1676609,0.944862865,3.980106593,26.9622175,546.244608,29.34901653,67.89653207,0.305317814,-0.1177273,0.007044147
2/27/2023,42.80812746,338.2222473,82.23099091,11129.23778,683.9196125,20.78067198,-7.184953315,25.26166221,560.3063025,29.19765845,76.67748985,0.936356884,0.316065511,0.848838154
2/28/2023,39.79661911,353.5285549,85.70651682,5626.7097,680.1247575,-3.725390835,3.992677698,23.23651087,479.6349989,32.71214846,60.63910199,0.848929392,-0.096338966,0.250751472
3/1/2023,73.20331927,335.0299658,83.31002069,7071.386558,341.3045586,-5.021450505,5.521376175,23.82402598,393.955517,31.36942986,52.67805996,1.943542117,0.868253424,0.507213809
3/2/2023,53.4423819,229.9448455,87.39210627,11144.84733,941.1828406,-11.88322655,-2.24096049,26.59903507,644.7789213,32.18930578,83.14198513,0.963152485,-0.455424175,0.584519251
3/3/2023,48.43191837,189.8645672,85.0479431,6168.079659,730.6141589,39.27944115,8.731937929,23.92006159,530.7092141,30.18008791,53.27993968,0.845192774,1.200748412,-0.294919806
3/4/2023,52.60619487,218.5091785,85.02783379,7859.836798,602.2009956,15.89290685,6.2166031,23.12040135,476.5676915,29.40758036,75.63048119,0.868226902,0.424674351,0.972568873
3/5/2023,55.3050155,88.32366385,82.56531736,5234.135547,483.8254189,-2.471393062,6.942376331,22.22425545,369.8067731,28.06944564,54.38862087,1.874836458,0.105381802,0.712996775
3/6/2023,56.83822971,359.1671543,86.67277495,9370.957831,901.0678734,8.431404941,1.196173157,26.87454777,662.247396,28.64506635,46.44797402,1.442761438,0.318815543,0.605801484
3/7/2023,49.34789832,455.2617575,92.63605165,7079.195721,665.9054999,18.45529051,4.298403228,25.99094189,442.9790299,32.11602112,81.32445709,1.233613568,0.065712541,0.261729956
3/8/2023,35.38021613,415.6282756,93.09352572,8763.56487,512.039534,27.95536684,5.71608117,25.80305144,603.6727798,29.69943405,64.00861614,0.836398648,0.945340102,0.123648826
3/9/2023,51.3290632,399.3328557,88.04748434,9735.714899,640.5047533,23.2108331,1.441465309,23.16987448,584.8406936,28.57271892,58.64417651,0.920340751,0.302052478,-0.061842549
3/10/2023,43.73098984,287.5109685,85.23202216,12510.72081,723.3671691,-11.30192179,11.17820094,26.99862449,708.9174599,29.36280264,65.09398549,1.575256277,0.317238812,0.255413674
3/11/2023,52.68100769,267.6248804,82.69115721,8554.868229,809.2810362,23.70183269,3.464185121,24.70488522,605.5878947,29.62637163,56.80827292,0.603147757,0.998966118,0.320765523
3/12/2023,59.2060613,275.9245059,87.46450156,13494.55702,873.8589089,-2.708567619,14.96329177,24.19993503,561.817835,31.47090792,67.1913865,2.137464714,0.871961208,1.09580262
3/13/2023,63.57821418,372.9670988,84.33855441,7396.897802,708.0214408,2.325152298,15.39511261,25.28335264,517.7948591,29.63834558,64.99169821,0.43860786,-0.245175195,0.589959633
3/14/2023,59.12019062,361.7374786,83.112298,7939.709852,893.3338356,22.23829618,4.879227664,21.50402778,320.0892204,29.83946259,72.69370393,0.682128804,-0.409698704,0.498839255
3/15/2023,33.46000288,332.0504242,81.2474405,5030.506246,654.9763888,3.980618388,10.63872286,22.21869792,494.1746664,29.98014368,62.05966827,0.945382352,0.322209412,0.553011193
3/16/2023,49.1435108,347.5852172,84.43996175,12259.23562,203.6080315,4.649688948,-1.352842569,25.3861978,409.0393048,31.42665871,58.76676536,-0.501078151,-0.348150962,-0.528447151
3/17/2023,78.40007043,285.5113108,80.98132498,11232.14843,622.7864851,-7.237508478,-2.962031032,26.06669841,487.9725682,32.59773088,88.87095715,0.888489009,-0.007483574,0.637411009
3/18/2023,39.18869499,272.0215382,89.37026259,7559.165857,522.7740302,0.781159961,4.015522766,24.38849112,473.1317701,32.8401422,76.42718319,0.963514916,-0.191088027,0.034712629
3/19/2023,40.65884277,380.793733,83.14656304,7701.131212,575.5633771,20.51981843,2.627407057,27.41085757,644.4676914,31.73985958,59.50139413,0.441550838,0.132102617,1.087177513
3/20/2023,43.06935245,352.6856194,82.84257902,11653.63881,670.4409421,8.27050263,12.16974951,25.62673324,642.4300535,28.07325261,65.76249599,0.512497666,0.090229227,1.266541523
3/21/2023,50.97905346,311.6850327,86.75450964,6001.749783,868.9917852,23.03442589,-2.513375125,28.2870621,646.9622037,30.93199033,57.28423933,0.598826842,-0.940912153,-0.085421595
3/22/2023,54.43798907,151.168984,81.66485011,10853.92207,739.9277175,13.8160127,0.680848755,22.9357642,446.9933187,32.34576256,63.70265124,0.884263585,-0.353681421,0.3620917
3/23/2023,39.68585373,289.1493037,84.3585793,7687.260548,723.8808376,2.995228052,12.74856946,27.53625881,362.9240952,31.3260176,60.34267768,1.351913594,0.444570064,0.41093557
3/24/2023,47.82253368,396.2958414,83.59452313,11927.8276,585.927597,20.09400752,2.627687677,24.4334486,514.9395251,30.46045203,87.90510852,1.154740634,0.558304984,0.615521874
3/25/2023,50.59160701,328.5342996,86.91949153,9312.123063,644.0538671,4.818054176,15.42537437,25.63276666,359.1159171,31.97872014,65.23900572,0.282156517,0.536261725,0.226898591
3/26/2023,55.21225267,421.6313262,83.06232645,10413.37243,802.5314178,25.4222504,4.276460609,23.4487114,406.6072285,34.54767552,58.74806177,-0.417960597,-0.089681638,0.883999371
3/27/2023,53.81764996,272.5506196,88.47013314,7193.886547,628.4366578,-8.114221658,3.214735712,24.73181018,380.8570634,30.6691835,67.89458357,0.850025025,0.269441658,0.401365324
3/28/2023,47.17114006,541.4480759,78.87169139,5017.56431,686.1625114,31.12717605,2.745278314,26.4543634,394.8335166,28.90596572,75.95030928,0.970843203,0.158100538,1.571217624
3/29/2023,58.54393475,329.2303746,78.19728485,9750.258129,882.7253857,34.32405462,6.254648667,26.33198901,620.0027718,31.32193481,77.7385497,0.717029716,0.37918309,0.369342442
3/30/2023,53.94880584,394.6983433,83.80962029,11832.14554,589.5106251,-3.651142419,9.078621133,25.61087623,335.4215385,32.96382049,70.4616865,1.462871361,0.806653799,0.366459694
3/31/2023,71.05838286,500.3771318,89.05196715,12356.75465,668.430999,25.21079498,9.421266881,24.72493402,436.7225341,30.58822841,76.95841137,1.568401548,0.639949657,0.143401122
4/1/2023,74.65482216,445.1324344,84.46747294,8604.498414,588.8100571,-3.228061524,10.89571512,23.58331925,609.0195864,31.90571366,69.52661283,1.890901412,0.175638715,0.332167273
4/2/2023,65.33471237,398.3337651,90.25678689,10479.99332,555.4418219,16.2901262,7.774250699,22.90976188,422.9444468,30.55669837,53.46381476,0.039512949,0.267596447,0.296044056
4/3/2023,49.8393966,380.243014,87.27205315,7239.891697,720.8632778,5.397479244,8.500738921,26.00361449,525.9348646,29.33817563,56.11778063,1.426878259,0.644943997,1.578662855
4/4/2023,50.81885926,292.1675133,86.58081194,6308.466592,621.5233291,33.72203757,6.02686779,25.19485415,512.0686024,31.15323824,61.03091019,1.602068755,-0.069344797,0.650824798
4/5/2023,75.3369971,385.8140921,86.33297943,6870.054955,630.9886811,3.357691021,7.099897004,28.68007774,485.3741283,32.38973024,73.18421194,1.208240316,0.211229474,0.800216808
4/6/2023,59.75424097,480.8149363,87.09898196,7965.401177,697.6808649,7.842406511,-2.280619383,24.91986861,376.3118552,29.39684022,56.89147722,0.965483347,0.156737646,0.761109843
4/7/2023,57.36918784,196.7886721,88.18893946,9308.268602,481.1076267,8.223656858,2.691588773,24.39082827,616.393101,30.5272359,80.63632528,1.54421379,-0.021705545,0.394995269
4/8/2023,64.85275839,299.4959251,83.17507277,10548.10124,557.6591654,3.516249527,6.185721018,27.12457054,460.2820368,27.67573283,72.56850667,1.755934963,0.412816891,0.14187606
4/9/2023,32.24006051,331.0031515,77.24533384,7690.843052,983.5852694,6.127002192,0.664610167,24.70708324,470.4704718,31.91000729,73.4036039,0.961661722,0.499123419,0.220202829
4/10/2023,55.90776532,318.5660519,86.66553644,6085.048716,748.2104495,24.5214438,0.594676053,24.1103502,564.5967157,33.00513945,58.06202267,1.163959899,-0.310036532,0.578453956
4/11/2023,53.97723121,216.1844875,85.37661521,10480.19861,596.594135,-3.353288458,3.136758136,26.03616141,392.1471578,29.72761932,62.03036731,1.784060046,0.039211037,-0.060996029
4/12/2023,64.50442002,394.2840035,85.83329587,8492.062176,944.7331621,6.054270698,11.56267264,25.69155985,615.6244692,34.30718963,81.4873756,1.415640061,-0.036189795,0.466768293
4/13/2023,34.8999042,338.9237991,89.80575084,10039.35627,725.4427533,10.11450047,2.237867024,22.62890879,479.6539925,31.83245589,72.50708769,0.272405298,0.696650036,0.332973248
4/14/2023,48.4488153,436.1147638,80.95516281,6110.47485,902.682237,16.90410653,5.971748734,24.84261343,657.100252,30.1936087,57.48038275,1.120552505,0.424783456,0.336140582
4/15/2023,30.85180714,428.5174299,84.01672262,8267.430797,672.0880739,1.318140852,-2.582547834,26.34540336,592.861368,29.37255139,75.12172945,1.313496209,0.802020278,1.049878975
4/16/2023,51.64891585,463.3373778,88.07895266,6946.243054,760.7205429,8.31662705,-1.262660258,24.70385213,464.6084615,29.00372834,53.14058605,0.534235966,0.050631171,1.117912814
4/17/2023,52.39817465,441.121982,75.84996916,4545.632963,614.6757758,7.423459791,1.578617243,23.58025277,526.0747389,32.24436569,65.81110095,1.703308643,0.81415617,-0.245541774
4/18/2023,67.10496695,314.2132208,81.30916895,11396.81895,488.7148642,11.870159,9.547836289,22.83616689,403.6943968,31.80100286,53.50247244,-0.133172944,0.617153931,0.165054039
4/19/2023,64.56605802,134.5480077,85.33685109,9763.01471,630.8609406,-0.551212053,6.145746114,24.75869532,790.8761459,32.20772545,62.69268712,0.977032015,0.007322035,0.263247528
4/20/2023,53.43601546,274.4997977,85.40272323,8109.147632,761.7152678,10.78644279,9.994788574,27.07376972,584.3477175,28.86390047,105.9999249,-0.317261371,0.419611805,0.574605877
4/21/2023,40.02210246,442.7722582,79.35589661,6471.611814,527.0142628,19.20136835,8.63408204,23.66233026,644.3535818,33.17997367,78.38013302,0.689216782,1.031187722,0.16766624
4/22/2023,49.67856347,421.3622036,81.7493863,6299.869778,804.6221211,3.08220028,4.270024709,23.95162171,479.2751908,30.67643894,66.36088455,1.121875065,0.050794257,0.499503529
4/23/2023,43.68801361,227.6467832,76.41619929,8627.135249,707.4257063,-2.830279019,3.503236031,24.97754805,618.4621509,30.53141756,64.34450216,2.403093682,0.336262094,0.324409832
4/24/2023,66.93456703,205.0295377,86.33579987,8357.045051,911.4539818,12.97906757,5.913060606,25.1072036,622.8710462,31.67820566,52.33373497,0.385057427,0.230626413,-0.276558366
4/25/2023,67.49647541,336.3997795,91.08831959,13866.43811,705.9388992,14.72826263,9.264111637,25.01058592,568.8534652,31.19348039,60.80746034,1.528822438,0.47038711,1.036910749
4/26/2023,64.18223458,405.1990173,84.83577644,9334.869887,723.997298,-9.019569604,16.08812147,24.63121668,595.7897033,31.76716997,42.17227558,0.276191637,0.897252308,-0.717122276
4/27/2023,59.63988036,396.8903266,85.69883177,6638.739718,850.0807612,16.51588909,10.059006,26.9291525,538.3013789,27.13126561,58.7564496,1.597603974,0.858572879,-0.002029572
4/28/2023,60.27735088,344.1883272,87.36412852,10822.8262,352.340268,12.62374723,3.807177551,26.46609677,694.4090754,29.37949756,73.50088244,1.66436559,-0.409721137,0.853510109
4/29/2023,74.3369911,261.1024981,81.3220562,12643.97777,463.1663389,23.27795833,3.930924013,23.34548738,524.6798158,32.03184656,71.66688426,2.116196936,0.45660126,0.162927115
4/30/2023,54.77442321,449.7230235,83.38949895,11380.237,721.8640289,15.80371761,6.294925056,26.91086284,585.9958345,32.33485305,61.87135048,0.942332356,0.365119173,0.622136426
5/1/2023,43.7098222,309.3848267,84.30101641,7618.133541,691.4815585,21.33950147,13.85194132,25.22631512,484.4900164,29.10149312,47.50291593,2.113347705,-0.128754731,0.830861153
5/2/2023,49.77182261,381.0377639,84.43876288,5870.899004,723.1506927,22.94825725,3.476992107,24.0494285,537.0843092,31.75248485,72.86660559,1.506768123,0.61561405,0.398739524
5/3/2023,45.998593,419.8628776,85.12546127,6856.556188,774.9169644,15.44461195,10.04060898,24.60129138,474.9256288,32.22172634,65.11151737,0.843664014,0.407085993,0.431819446
5/4/2023,47.88332697,331.8804418,79.28451218,6051.048882,577.5366304,5.108143693,5.792732396,24.82163869,569.4532359,32.17846809,60.41973001,1.004814996,0.862855319,0.300106134
5/5/2023,53.63832798,362.6090139,84.25155318,7824.581842,955.3193699,-0.088002739,4.414071289,22.41357136,541.5935729,29.50817814,65.83445463,1.086249866,-0.05067896,-0.272055088
5/6/2023,69.16547638,289.8606467,81.38128566,13248.78521,606.5307687,6.073281667,2.465385008,21.71963242,618.1658493,30.72553126,66.56719522,1.456756321,0.060188988,0.508226021
5/7/2023,63.20048115,208.3836096,81.98366529,7162.830468,684.2005998,-7.464781465,4.578434009,27.56504778,521.6023294,34.34038639,70.05904925,1.544187818,0.443713737,0.47817453
5/8/2023,41.84316831,185.5991619,82.22910802,5632.249536,638.4552749,19.64583495,8.663249087,24.24144783,287.6632539,30.76738342,87.55992769,-0.579352909,0.128105934,0.457505271
5/9/2023,38.48552228,375.1299486,86.97435345,9740.303111,375.9063689,8.736827717,7.987033474,25.46967651,447.0266264,33.74617491,52.03368551,0.688504049,1.034908034,-0.064734535
5/10/2023,71.22275287,275.6010958,88.93734002,10594.56875,759.063371,19.8699976,15.03243636,26.85267091,484.6409093,31.26798678,81.60910038,1.006658074,0.791634917,-0.69034175
5/11/2023,43.47872729,524.7331865,85.59807057,3604.102657,453.7999259,20.56479054,8.039410776,24.87956069,617.6882763,32.35488799,74.83595357,1.357611563,-0.489869403,0.299854552
5/12/2023,49.03966375,197.5151157,87.29215252,12552.53012,708.5308739,19.76066648,5.361932728,24.91682917,631.0964579,32.97129943,84.61522564,2.137405969,0.247349907,0.614058529
5/13/2023,53.5837374,361.1430445,86.21995541,9646.14209,451.593005,12.01260783,6.176641222,24.06173534,355.1529343,32.86607945,73.29818455,0.303565232,0.276623394,0.522673741
5/14/2023,57.69140167,266.5908514,82.41420591,7125.231066,682.008598,-0.290850497,8.786115602,25.54262372,359.5347893,29.55753767,79.89979709,1.258039492,0.972271557,0.518413401
5/15/2023,61.69994035,404.3650313,75.60382448,13066.65712,375.8169497,14.18227186,11.20052455,24.31737906,463.4422901,30.56720922,51.37642427,0.204366024,0.151660009,0.341980957
5/16/2023,61.76828794,400.0320016,84.57883775,6251.766711,802.9272587,-0.468793558,0.710082859,24.63679384,459.6674859,30.25756791,68.44245606,0.227241275,0.522024034,0.316676895
5/17/2023,55.71960628,392.427473,85.13628569,6234.629377,490.2040705,18.06752522,6.523216276,25.13799986,527.2795282,32.17660953,62.82710148,0.621915148,0.383159195,-0.004887374
5/18/2023,85.02639412,301.0411211,82.714695,6482.602445,517.2327791,21.71127078,3.033043869,23.98326759,570.0110944,29.31127119,66.16614582,1.590907972,0.094635961,-0.543169447
5/19/2023,35.48518259,379.7697687,76.70714803,3737.869928,631.2887322,13.08603754,2.837728359,24.55321471,344.6599489,30.70990042,57.92126627,1.490510863,0.165141442,0.388602419
5/20/2023,42.8208564,370.616173,85.63358286,11959.06064,657.7229481,27.95475498,-3.241926621,25.53831741,374.7993396,33.65454823,75.90566113,1.125354622,0.274181633,0.310876158
5/21/2023,55.41448416,375.0849847,82.01293639,10452.70463,723.6537904,26.82007033,10.7274811,27.3733248,590.0396768,30.75130498,61.60829757,1.275067441,-0.348664963,0.39895745
5/22/2023,60.7602083,376.5648639,83.55852707,7275.021298,934.6005013,24.77590432,-0.073026753,25.10476554,449.4711309,32.25315635,72.87597185,2.740857241,0.502101826,0.082149798
5/23/2023,49.02666028,358.3196369,86.84890551,13332.88241,471.6695613,17.18240577,11.54266096,22.10023285,551.7755887,31.52074008,66.39786883,1.174885147,-0.208937872,-0.454488008
5/24/2023,59.22739565,325.5950501,79.01072361,7442.606339,793.3226371,-26.95195096,9.366939414,27.29881903,400.0044239,29.68487609,56.4305079,-0.425819539,0.225512283,-0.043690813
5/25/2023,55.84332411,381.8094061,81.61535416,7231.302803,644.8909865,14.20331342,7.346375789,23.24632321,635.6191308,32.22802719,73.61917438,1.979373051,0.682251939,0.360217932
5/26/2023,37.04514061,383.0962008,88.05143135,11536.71076,588.2770779,16.84548136,14.14432361,23.19263006,352.8826669,34.25163041,57.80571812,0.859225774,-0.932825531,0.038016538
5/27/2023,33.33818326,305.0946365,79.28478471,13240.65728,485.8529579,9.444423547,8.808827673,26.10044263,409.416719,31.78917931,58.51783734,1.247400268,0.288420059,0.385516018
5/28/2023,47.09687881,236.4267065,81.78368384,8971.423083,868.9089225,10.18891283,5.382955414,25.98663699,626.9828032,30.14997063,64.70467138,0.667631634,0.198145507,0.249842285
5/29/2023,32.78115194,521.5196237,88.61167282,16910.06276,800.9259687,32.43470568,9.741195103,26.71383455,544.4666996,29.62623655,71.99313892,1.430582296,-0.049241289,0.511642227
5/30/2023,76.89928602,453.4423841,84.73767696,8498.850461,963.2798698,-0.728778966,12.48912857,22.15720831,459.9983129,31.53750322,60.33328626,0.256263091,0.42145289,0.294460428
5/31/2023,75.86909716,402.1838916,85.16068063,13144.97458,698.0277297,20.07157918,9.013801557,25.02153027,436.3447255,28.14578055,57.57212085,0.81794716,0.292484567,0.289547926
6/1/2023,77.26307262,403.3231023,85.61033252,7680.041164,648.9142994,27.50554623,1.43608979,25.3696153,493.151608,30.47100371,79.86089074,1.356014475,0.754975181,-0.197478354
6/2/2023,63.34057058,461.4982052,86.69659211,8097.652181,719.7034411,32.48478148,10.85336433,25.50251324,525.4723058,28.44430259,64.6022387,-0.082935033,-0.465695685,0.921553064
6/3/2023,45.52770053,435.096187,86.44797471,8058.431329,722.3271734,0.94461628,6.172137372,24.08674654,607.6083715,30.75011104,77.99318273,1.568842924,0.250161888,0.350454871
6/4/2023,32.85663428,182.1958711,89.05561676,6875.006976,751.2074457,0.241680654,-8.986328997,26.50491404,573.8311104,32.01235824,66.04351677,0.860871906,-0.519952898,0.718213488
6/5/2023,45.41337665,337.8670968,88.88789794,4019.350197,476.4988329,10.02333263,13.14627473,25.78239258,428.5672494,30.38358223,58.61350845,-0.151444164,0.865373438,0.814524298
6/6/2023,36.99565896,466.6081239,92.03493961,6883.867127,531.2453193,13.35262546,4.443057819,25.92871722,493.7943411,31.88775349,78.06188112,2.144236236,0.700324918,0.784658856
6/7/2023,54.2335282,341.2306814,83.19486946,5580.462986,487.9885284,6.673886206,-1.66782986,24.35800454,576.9416451,31.45425733,77.29480683,0.483191749,0.69603757,0.737677727
6/8/2023,30.04451481,393.8118862,82.29436328,8877.564701,883.6866427,17.44008652,0.972353358,22.55312757,691.7756014,32.71412662,56.530261,1.079060189,-0.038238659,0.800601559
6/9/2023,49.27245874,222.1078601,88.07473199,5123.141816,398.8920122,23.96128881,14.64541739,23.39933035,475.9185238,32.07304985,61.09804972,-0.882323436,0.614377963,0.703660286
6/10/2023,52.56460039,190.0083426,89.31620081,7654.20135,764.6756109,-1.553648382,-4.371104118,23.20736872,567.1472813,30.83932113,52.59298402,0.38953106,0.325713502,-0.025412767
6/11/2023,66.84415541,340.4533654,83.55987377,9853.362092,624.5229987,-3.615222563,-4.513113382,22.87428795,551.0915506,31.02356911,72.7485984,1.456364214,0.760147047,0.538056593
6/12/2023,75.65109861,327.3622077,84.77998493,5603.465684,773.3362394,19.80944955,14.19970381,25.06917027,336.0306746,33.45760025,64.30814249,1.727276322,0.433962885,0.144634008
6/13/2023,35.96067777,135.514682,83.03274519,6922.438952,433.8049736,2.603724226,9.967365161,24.58175786,646.9731061,27.36243116,65.98634897,0.676848457,0.139195767,0.508250663
6/14/2023,70.37704095,398.2307095,89.47289036,7826.527599,500.0811168,2.243429058,11.02815437,23.40633603,478.0129313,32.06769134,72.49007059,0.12607003,0.103346261,0.206607567
6/15/2023,49.22645717,477.1815263,85.32285367,11123.01461,679.6547042,-14.7655936,9.967587387,23.56971965,668.7568049,31.86556514,56.6451458,1.56614294,0.218222597,0.499520362
6/16/2023,47.5012273,436.5390929,84.39738328,11315.43727,804.8055068,8.954822823,3.046375642,28.07000255,396.020375,29.31034442,75.18965623,-0.261284021,-0.212842609,0.618739243
6/17/2023,68.29899065,324.4438365,91.45378603,8332.012551,1156.08997,21.26855301,8.965736358,25.82686801,517.746132,31.14462303,65.19242265,0.969701657,0.511718155,0.383692566
6/18/2023,71.01565889,203.7654353,79.15549108,11105.62617,540.953493,-4.823744515,4.324649163,25.59897776,669.2455222,31.05649506,67.52766682,0.610214005,0.191093447,0.470659803
6/19/2023,51.71893624,415.5477224,88.9957262,5985.781814,558.1800642,-3.692253253,5.638854554,26.23981085,632.4920892,31.76155167,55.43580194,0.833095292,0.161852901,0.383044572
6/20/2023,53.25552083,421.4299709,85.81628802,7075.281578,706.3494021,-3.245243714,17.94580546,25.20749844,512.3101123,32.77256988,46.89652599,1.463813176,0.574585528,0.089298037
6/21/2023,68.76883266,161.9095112,81.35653485,5865.722533,492.8945145,3.228536461,5.522494641,26.08286616,438.1071115,29.7807632,88.61304459,0.487917463,0.372841359,0.652214104
6/22/2023,72.17144266,287.2764413,85.83482427,7855.770813,592.1680465,1.097182102,11.10683788,24.63356408,662.0765806,29.73893002,50.46865096,0.891257347,0.766815752,0.559277438
6/23/2023,59.5976025,370.9545488,86.50727798,10748.65269,633.6513414,32.22747009,3.295790602,24.2245132,464.096475,30.58794412,63.86628354,1.353940619,0.23724805,0.375438299
6/24/2023,54.81449905,382.4786818,79.1579168,9934.60804,616.2734515,24.36587677,10.96031626,25.90838702,801.4809617,31.34584826,53.31250232,1.089957568,0.216265923,0.125432811
6/25/2023,56.12539117,384.2466225,84.86969959,12563.14975,520.3988998,1.886176763,4.167473701,27.57101058,658.7875637,31.45639701,53.94186755,0.883918623,-0.022632383,0.813870885
6/26/2023,70.31439033,382.3653987,85.4158158,10622.57751,414.1155245,4.533494358,7.808350587,24.15114179,572.2293125,32.61547593,53.39637794,0.887009931,1.254584981,-0.414027803
6/27/2023,55.30340785,281.8871643,79.1674554,8065.447194,897.1797082,35.18517724,2.504511507,24.79508244,561.2165639,32.99369065,66.45503741,1.134214582,0.440686272,1.366354877
6/28/2023,51.56909038,477.7980005,86.78883133,8062.977867,529.9319861,12.10355403,0.089619288,23.61222835,449.1998487,29.1851113,73.52488426,0.473233426,-0.131707834,0.707155186
6/29/2023,54.67876591,397.3074219,86.03860739,4847.956792,650.6697894,15.69825992,4.738176545,24.50125792,598.277178,28.40296705,66.45171212,1.350680743,-0.067962993,1.016127291
6/30/2023,49.70762454,370.0227009,88.88957111,7188.314645,616.253644,11.13741329,8.945492024,22.16628802,781.3927058,27.92736627,65.27560277,-0.334598177,-0.041015879,1.662864943
7/1/2023,54.21973487,423.7693434,84.10852839,9023.612969,752.6616652,24.88745102,8.813256427,24.98682822,602.2839813,29.48489028,60.75603625,0.887869039,0.209931213,0.803174182
7/2/2023,51.53901924,210.1099766,86.38277797,12357.39768,769.5512821,-14.6654547,4.863148937,24.28968197,453.0979353,30.97163689,73.95989548,0.818825067,-0.288649471,1.111679517
7/3/2023,65.59667735,167.1807676,86.90590037,14119.86755,478.4341981,5.87906559,3.607014746,23.79635561,588.9465227,33.78694106,58.38313272,0.476310128,0.634252823,-0.180946504
7/4/2023,73.07418147,419.0307443,85.05241219,10579.23098,657.8780332,-5.874850686,-0.716861626,25.24854233,448.1423572,33.67563804,83.80123061,1.038749177,0.390214184,0.314142044
7/5/2023,42.18301483,241.7268948,88.83359156,4918.116619,582.6562342,16.72441167,5.789121497,24.64520373,607.9953633,31.36512111,75.16617247,2.154355661,-0.263078654,0.369029453
7/6/2023,49.05687282,209.310835,84.07949808,11238.39613,715.6533412,-16.18659375,8.358034124,28.57690648,265.9310181,31.79749856,69.21598806,0.758344468,0.017625258,0.378148051
7/7/2023,40.54412495,228.3703712,86.19477686,6497.423921,555.7161563,21.33734177,-7.942827415,26.81514352,549.4910515,30.7197563,66.71642788,0.924754071,0.818123035,0.813810035
7/8/2023,54.58899999,248.7824703,81.44480143,7346.483777,782.108229,-11.58539683,6.258689927,23.55069226,645.013065,32.4576271,80.36569601,0.937905781,0.044908247,0.065624062
7/9/2023,53.05553298,368.3638157,85.82816942,4175.586982,1029.80661,30.16452773,-0.1692063,24.36424813,493.0941256,31.8265394,61.13623068,2.031044736,0.303498953,0.708227884
7/10/2023,37.01113111,319.6889665,86.52847706,11187.97699,650.7851078,-8.491833766,10.29074693,22.7469967,706.0602319,29.49995164,67.99204128,-0.202106301,0.163251733,0.751360505
7/11/2023,53.92007997,267.6440784,82.70625698,9351.627153,528.7596633,13.480474,11.22617944,23.1506449,520.022712,28.94209672,60.09631436,2.402410243,0.382829214,-0.175012476
7/12/2023,56.4945511,297.7373452,90.95479492,8774.262406,597.3481165,-13.54785583,14.09403647,26.3997748,625.7639777,30.2520319,69.63619882,2.073809772,0.192174528,0.642625562
7/13/2023,44.59633094,458.3197442,85.14520544,9906.075162,471.7236742,8.437120384,2.020771495,24.60629034,496.2162947,32.60972909,57.23253555,1.421774554,0.098039136,-0.031816979
7/14/2023,78.77871779,411.4831108,79.90945083,10684.13055,607.1062424,10.85280414,-1.867288463,23.58020159,605.969253,29.84833292,92.96699621,0.008286787,1.043331793,0.118474754
7/15/2023,54.67250521,275.8539497,79.92256327,8676.711544,1038.532683,30.50363714,3.863052535,25.25834005,644.633934,28.29547678,62.9328111,0.302509629,0.137610812,0.246676361
7/16/2023,62.22015091,361.8401928,85.19054197,7494.828691,852.5982787,5.977451148,4.426651561,27.24933667,486.0965789,28.9208893,55.85455898,0.882036093,0.372591297,-1.011191915
7/17/2023,36.4335432,332.0859775,89.22966821,12676.2267,757.2964188,23.45292566,5.505580107,24.18214627,597.8782199,33.08455375,40.43127046,1.242300763,-0.03522849,1.121975842
7/18/2023,70.57666512,443.0987941,81.32635058,10971.27252,717.8969388,15.32959509,-2.682651174,25.50866402,503.7326971,33.05759933,56.70392349,1.656530414,0.42289187,-0.191440919
7/19/2023,82.36010305,327.7756348,86.79973894,11048.14572,443.1491859,-8.315011309,8.228880147,25.73777137,431.0205104,32.69404793,52.10574626,1.799516205,-0.194453814,1.022666005
7/20/2023,43.82210697,341.5729991,81.42258944,9118.452699,899.898651,13.45801343,3.924365491,25.58145611,272.527143,33.25682261,55.01693183,1.828775561,-0.184572199,0.535009735
7/21/2023,39.29338496,248.8654799,83.99126361,8291.896906,711.0207817,31.91548651,2.023681963,26.31027286,536.8626801,28.33703429,69.88622956,1.06881258,0.314780312,0.903496539
7/22/2023,50.68588442,391.3087368,82.55460158,7260.462308,659.3186497,1.905424365,8.068024229,22.27421346,331.3569972,30.21709238,68.19722402,0.933610138,0.279997599,-0.006787467
7/23/2023,56.37008972,321.0161244,86.35247339,7670.254069,777.800299,21.45502052,7.899142214,25.69343692,534.8389728,30.86961365,75.6268617,1.336361352,0.217208622,0.969734628
7/24/2023,63.13405313,352.9783283,79.66042625,11610.87638,629.0970196,14.63561584,-1.404429984,26.4263876,348.0752357,28.12206662,51.81868433,2.232906429,0.226352066,0.79749008
7/25/2023,72.45028916,473.1702229,85.29103174,8547.021348,566.9051415,-2.411385813,4.729701381,25.57194917,637.2537614,31.53907274,66.74398546,1.166800295,0.507780093,0.84080223
7/26/2023,51.5633469,319.4614428,84.05750796,11070.72132,695.8879978,4.179222116,3.84138344,26.20823514,552.6359072,31.16050226,69.86504376,0.957542071,-0.289991526,0.266161236
7/27/2023,42.4158659,367.9941255,87.02551696,8593.351755,757.0527746,9.061800949,-8.29499106,25.04256799,698.2050513,32.6982829,87.86484665,1.465055654,-0.10966862,0.69668489
7/28/2023,47.21530738,290.0069997,85.84605877,4555.157043,477.0995606,15.57858361,7.801755029,24.36828954,413.9292873,29.93060096,74.75070219,0.530432382,0.803974924,-0.4139849
7/29/2023,43.44444377,278.124719,82.22685479,5863.557504,555.6556664,15.39119721,-1.704229627,23.74249129,586.9665691,31.14068316,68.69266763,1.251183111,-0.173826122,0.862761272
7/30/2023,36.24700682,313.4958401,86.41203959,6510.902101,806.947777,15.33000564,6.679471124,24.76437098,500.200081,30.81140766,61.40494188,0.956000731,0.320605629,-0.500803374
7/31/2023,60.68643439,494.7873525,83.99880035,5881.043002,591.8066132,26.50681515,3.742674416,24.1165183,510.5494853,31.58670872,80.77117347,0.096897178,0.828578296,0.547101514
8/1/2023,60.86906607,201.578856,82.83936614,4392.068951,718.603974,9.400042829,6.439623285,24.34552087,454.9804355,29.74696902,67.62766578,1.885503887,-0.207772236,1.265922201
8/2/2023,53.89269121,262.0266083,83.17581753,11043.61215,860.3682827,-6.708893945,8.856300688,23.51924493,423.7145655,30.37611438,67.68924005,0.191513568,0.3132571,0.770623355
8/3/2023,76.14260318,391.4143416,84.86111264,8075.866288,740.8723423,24.27227031,7.923514543,26.02403988,755.2651452,34.5221157,77.58144844,1.866952583,0.029537293,-0.708725288
8/4/2023,52.19406182,236.5456645,84.25689043,9302.185704,721.0155401,3.025420095,6.500109939,23.90901283,529.4510757,31.1143114,61.38955587,0.420962195,0.686993599,0.585195789
8/5/2023,51.29741295,351.0536183,81.55913011,11339.61047,686.0726649,27.87148692,0.231227807,24.90897528,499.9279193,29.47802676,50.58480407,0.302050701,0.310020006,0.798220076
8/6/2023,58.27922671,355.231153,84.09738195,7792.651892,511.8695742,1.266840314,3.439433564,25.57786544,495.1491418,32.70180866,62.69751751,1.037597557,0.371820408,0.534939229
8/7/2023,52.94781003,205.7700733,84.15134646,6324.087231,723.368158,17.29614327,4.424289671,23.52433462,354.5618015,29.56572235,54.93027545,1.0731623,0.546230949,1.010529233
8/8/2023,46.27376753,418.2348808,83.73138033,7385.47119,445.5470568,-3.628265925,7.896882397,26.81304941,414.2409973,33.23427743,81.73084251,1.102365189,0.018351622,0.644260643
8/9/2023,65.83571159,400.886231,84.64613737,9642.516786,551.9416594,19.16427351,8.214514054,24.87826086,383.225237,30.70270103,63.80734859,0.522664246,0.972313798,0.124415762
8/10/2023,42.48026155,281.0540718,83.61762094,9559.783533,565.5408619,-5.286951997,0.627952899,23.23486896,367.9802569,30.04744157,59.07095321,0.88030991,0.257601258,0.030238571
8/11/2023,29.69298007,315.2157533,81.60307738,6580.441233,721.1054143,4.799844292,14.86853386,24.21092635,525.5817268,34.76906687,75.18415054,2.094619046,0.197030783,0.083984597
8/12/2023,66.17696337,79.1808721,81.35373384,10209.14078,521.8021592,13.47262492,-1.508240101,26.72583652,478.7719311,31.66694013,70.51382703,-0.449949267,0.570905283,-0.244854942
8/13/2023,47.48793507,326.4567568,93.04548547,9373.102131,278.1777333,-5.894824772,3.494111698,24.06231985,527.8951167,30.38995357,68.31533581,0.788850868,-0.074344496,0.437876051
8/14/2023,48.41440806,344.1819097,82.0577321,4313.779014,491.3874713,14.02665858,4.648431543,25.19552633,566.4444536,31.41444479,56.72471778,0.742684052,0.474411243,-0.387493329
8/15/2023,53.70567005,326.9790716,79.27000071,12619.46855,572.5058657,21.86460956,9.754048914,24.78320738,403.5143889,29.03678599,76.44281315,1.575099465,0.816887491,0.094366946
8/16/2023,70.22328265,444.37939,81.67141732,9012.348898,626.4842843,10.9388602,5.177285019,24.08722188,520.8781716,34.60520999,62.91307248,0.815533887,-0.06484259,0.746633379
8/17/2023,58.92002191,314.3048875,83.72396981,4964.422895,602.741229,29.50251962,12.62407818,23.63150897,631.0185843,31.25180462,78.44178601,0.604806576,0.953658566,0.748017778
8/18/2023,61.28278114,367.5677441,78.16085473,5469.583739,899.8896651,6.258934726,3.307445316,24.76445099,501.1092054,31.78986952,52.07314548,1.079364661,0.27428943,1.13960852
8/19/2023,58.11287755,292.4333308,84.20591327,4912.673778,759.5158031,0.174631118,6.672413808,26.71384596,512.921544,34.22974423,55.51558347,1.252796703,1.042934492,0.394902062
8/20/2023,63.13633616,162.2496655,81.26732381,13142.68484,693.7974581,0.261825992,12.04118815,25.72282066,562.2372538,33.7338973,63.47543688,1.542304246,-0.301090987,0.117277686
8/21/2023,59.35577625,273.2217036,81.35794202,7763.651968,603.0098739,4.3693089,12.75176202,28.73515273,591.8866701,31.76414649,94.91136394,1.234795989,0.239261534,0.093230871
8/22/2023,63.72739485,409.0296983,88.51658065,4346.904034,969.266382,-3.119937945,2.04382107,26.36443907,478.0320338,30.42127991,76.04356744,1.412132194,0.215181236,0.12844952
8/23/2023,70.15541241,339.2201591,80.99088709,5350.466976,368.7184851,22.06197743,-2.837484073,24.80227036,610.9232972,31.47641766,59.97742213,1.703724563,0.855099398,1.001321293
8/24/2023,35.68875664,184.1110894,86.34829315,6981.13248,433.0420242,19.51438038,2.266869393,22.28349243,551.0470012,31.82988556,74.34686786,1.495510993,1.440743248,0.397884845
8/25/2023,28.10940906,334.5440426,86.55073571,10275.58138,561.9095745,14.56445134,15.82373259,25.65870109,496.67309,29.46374634,61.58603588,0.780524838,0.107420612,0.874050081
8/26/2023,56.01726283,291.4471542,86.07569836,6018.995923,796.0310013,-26.10821545,8.072348571,24.24790558,485.0472413,32.28705518,47.54040432,0.912659589,-0.229821679,0.252192812
8/27/2023,58.38642619,478.5569314,86.15812747,3753.595636,784.1437276,-11.59995682,1.228624661,27.12627546,490.8273045,29.69790845,77.6143086,1.509395677,0.512391049,-0.153941802
8/28/2023,52.42534187,344.603784,88.34984367,4224.639842,564.1596545,3.765849355,9.588370246,27.05789168,433.0518639,30.27338439,60.6013613,1.634144156,0.53181482,-0.355104143
8/29/2023,63.87581905,452.9060947,80.24658535,6977.862774,451.7966983,21.63120854,7.54535137,24.98020885,638.8176695,31.06376899,59.60107005,1.030516939,0.224844358,0.170442108
8/30/2023,72.61352578,259.5552856,84.16684422,8581.369862,521.6158127,6.150539485,6.301224579,22.77510729,468.419555,30.62051765,66.34206673,1.596387162,-0.054608106,0.493798248
8/31/2023,62.48647051,304.0701048,85.32843237,5727.076571,925.8982975,-4.92416236,2.707036759,25.68565922,550.8009443,31.89854929,51.14591877,0.205263336,0.420968202,1.045025123
9/1/2023,61.05716058,247.7425919,87.59627907,9550.390283,622.6037577,15.85166115,1.010695899,25.38584044,682.6075605,28.81169954,53.06809457,0.270832081,0.304238975,0.395249937
9/2/2023,39.47800425,385.9218658,80.73412867,8860.999917,577.3746091,10.59948253,2.024997489,22.81900884,392.7788666,31.84642681,51.25265481,0.426932912,-0.228225524,0.59882158
9/3/2023,42.96151052,238.1623652,84.35510174,9302.936974,648.8219252,18.40046229,4.794317033,23.63141093,590.2017923,32.08419825,67.43015205,0.601444007,0.52832533,1.407323024
9/4/2023,45.81470744,262.2829658,82.0168914,7276.734168,522.1482999,7.547728456,5.126792835,25.4472411,391.8366871,30.09000943,78.89039394,1.858257325,1.090994075,0.702599019
9/5/2023,57.01461363,488.2089456,84.88233883,10553.23227,535.3905627,27.63836942,8.290990513,26.03784323,670.7385082,31.28082716,73.20315727,1.874164942,-0.010821043,0.627118737
9/6/2023,38.57013967,347.4229202,82.72338618,7586.591909,561.4862776,14.73666037,10.5294913,23.67245657,699.5621463,31.15421915,75.6560118,0.757778008,0.075274934,0.339338286
9/7/2023,51.80291643,335.1798955,82.84743889,9842.267371,679.8386825,26.09629834,5.383357678,26.02945931,362.7760688,34.0866054,52.8103012,1.022155948,0.326983866,0.503984051
9/8/2023,50.75750503,410.4943359,84.78362703,12063.39009,635.2965497,21.06574341,-4.783947186,23.54407061,665.8954762,30.92566529,68.161186,0.970208244,0.399486175,-0.157181445
9/9/2023,44.7606508,170.5454869,86.02564446,12714.89765,816.8983172,33.45629459,0.425123914,27.40060473,612.8312266,32.65645968,75.50975572,2.474507117,0.020344488,0.945224976
9/10/2023,54.22089787,244.3439034,86.66161072,5123.380051,615.1268857,38.48367713,1.420624091,25.28496073,515.462514,27.89530577,64.80730207,0.763410346,0.53483026,0.372519284
9/11/2023,30.58656474,451.0161464,85.40760372,5773.256438,410.163529,5.3816282,8.926739357,25.00850289,635.5189454,30.78701734,58.85519871,1.505842498,0.095973829,0.709798029
9/12/2023,46.38271021,342.9330276,80.91988378,15471.93283,866.9646763,5.26533176,5.064363308,24.02229759,521.8897206,31.43902551,83.39951489,0.670758558,-0.134025822,0.49474456
9/13/2023,37.4700275,254.8466335,82.91296232,6860.692374,918.0093349,2.402207797,13.20921954,24.93901458,505.587903,33.35790204,72.50753882,0.290711902,0.843246,1.101568972
9/14/2023,49.91815172,243.7867843,83.69708262,11845.54562,849.0916093,15.85832885,-6.305452693,23.25178733,520.1153814,31.60022731,70.68780973,1.766650863,-0.184363576,-0.099545395
9/15/2023,70.30117301,145.4067126,85.35883237,9201.34398,835.1177568,16.60032074,4.773731379,23.84573708,367.6190712,30.40965489,60.99537112,0.927434088,0.088370719,0.471608141
9/16/2023,28.99693361,479.2875872,85.93547133,8845.92795,429.1416753,21.07964609,-2.790864391,26.57608244,627.1116323,31.34623233,40.10773063,2.009859921,-0.153975631,0.289056396
9/17/2023,66.11158527,238.710049,79.61008835,3336.392121,635.2330503,20.04842861,5.507129863,25.18935292,731.0092065,27.63376548,53.27347704,1.563991618,-0.094189563,0.66761492
9/18/2023,72.77273925,362.063016,83.63928231,7055.332156,640.9179161,13.66471465,3.815594365,25.6309418,637.9381527,29.81906895,57.23620675,0.932894853,-0.24591139,0.3427134
9/19/2023,85.75119316,182.80849,90.94676766,10116.85456,605.3811522,19.8079173,7.2948535,24.43985208,530.5502636,31.39576322,60.35441098,0.483018641,0.075196695,0.070711089
9/20/2023,49.11059307,431.3508857,78.90379245,12414.12956,958.5928561,19.64624488,5.604305329,27.56580586,437.6315644,30.74069534,52.5365007,1.755744911,-0.671643288,0.890536584
9/21/2023,46.95302209,502.7066746,88.66065981,7693.010289,567.0550655,6.535386343,3.367030599,24.89727462,792.68342,30.32787312,60.94922328,0.490965552,1.095315659,0.226964719
9/22/2023,52.62761436,288.2450085,85.29166653,9561.399831,728.7439003,11.18858876,2.434991104,21.9431047,485.2130226,34.47474359,73.20363841,0.583544221,0.120456512,0.226566232
9/23/2023,34.43814342,344.4248483,86.76441366,5467.564718,461.7349297,15.9857113,3.323534112,27.50301744,218.1023269,34.00916168,70.687358,1.524253852,0.179040964,0.374293185
9/24/2023,39.33632432,288.7024449,78.85554953,9006.612379,378.9792318,26.5173664,-0.02936159,23.30449121,713.4295519,31.87008577,74.30817168,1.514544882,0.543152463,-0.032642703
9/25/2023,25.98890253,359.99762,81.10491866,9594.747538,998.1284663,30.45851423,0.902263872,25.82981464,353.2337235,29.56034143,69.75832982,0.55115842,-0.222464719,-0.008514139
9/26/2023,31.9056525,392.1777417,85.86809038,11417.09527,880.264881,10.87999123,12.68408671,25.16803783,628.85695,31.42800906,68.33645015,1.119506974,0.107967603,0.37594733
9/27/2023,61.91725114,188.2533187,86.20072005,9562.168361,662.1090612,12.1870927,3.672169655,26.21794522,750.9994322,28.68029084,57.80691546,1.095128168,0.317771296,0.68170513
9/28/2023,40.88082716,471.4599644,85.87632938,8181.188571,893.0570064,33.92073883,0.943135406,23.09652934,547.1861384,28.44882902,61.59151052,1.323939901,0.414505363,0.107965732
9/29/2023,52.47400758,269.2756313,83.48980306,8540.414675,549.0619988,1.73536435,4.315022802,24.02749686,452.2110056,32.58038797,45.73397881,1.149113313,0.605057387,0.0491158
9/30/2023,50.83134616,248.9364466,81.81094718,5973.978903,698.4581201,15.49029629,7.435579624,23.51699682,478.6742057,29.8244214,47.49663755,1.171221297,1.15755469,0.319955718
10/1/2023,71.78484114,323.2341589,86.80263558,10902.93163,671.8661945,10.9553611,2.554312977,26.66417239,513.4960216,31.48033027,66.35884216,1.017449148,0.604618528,0.066993695
10/2/2023,23.87333164,305.2270438,85.09257348,7744.118192,552.2588506,2.371221752,9.639218906,24.27434605,697.681794,30.19695962,69.80973034,-0.242358171,-0.130358761,0.974388393
10/3/2023,44.39680291,386.7375441,83.18719325,9485.570517,669.0014852,7.642504852,3.156861473,24.48041242,425.1208295,32.01824161,72.776567,0.962068669,-0.109157694,0.560433345
10/4/2023,44.27331943,425.1726978,83.94006686,13147.21555,960.4907751,-2.119647086,9.700751785,25.58820886,183.9262703,30.17783638,69.28468963,1.559742522,0.218392375,-0.409858863
10/5/2023,77.45117523,347.2325509,82.76536421,14073.27739,780.5862407,10.17830063,-2.069661806,25.47136203,320.5226259,35.15988826,63.69570502,0.77353625,-0.652117288,-0.155940593
10/6/2023,73.15393721,382.4288766,78.96641183,10173.41175,853.7692472,23.33435367,11.19161616,25.42431738,569.3073732,31.68028038,67.28672708,1.204300612,0.194935653,0.507645905
10/7/2023,68.20343031,334.7995506,84.24697053,13540.54628,620.5425551,13.13384642,8.031471629,26.77820733,528.7229895,31.08727841,69.97303957,0.678618082,0.637401654,0.238342047
10/8/2023,43.92300448,386.3277345,83.09002118,7961.767236,804.0205124,11.43588467,10.15403687,26.27161631,607.9818562,31.39892143,85.63985688,1.701305352,0.406410934,0.268856081
10/9/2023,62.50031232,518.1755648,85.59253758,6077.172863,713.8818839,26.41254454,10.33711519,26.0148917,465.0560666,31.6777882,59.57976855,0.322259449,0.627761172,0.237151074
10/10/2023,56.36026029,384.9996379,82.63155032,3353.564164,627.4655958,3.767973262,1.711293229,24.25975362,606.7061998,30.83474311,35.00617193,2.50382337,0.8583126,0.616630334
10/11/2023,59.43597383,358.0032888,82.60350295,10063.62298,910.7212181,4.288854971,7.712539533,27.80878732,564.0603021,29.4527393,69.92714748,1.632731935,0.472017925,0.156667291
10/12/2023,55.91566028,159.7684997,82.15894015,7622.207218,720.7703356,2.742559173,3.064050057,24.34388071,475.1585833,31.02699311,58.11288467,0.893985062,0.424612838,0.064065806
10/13/2023,41.42504745,206.1802603,85.08459302,5616.17739,703.5506972,-8.051306592,12.12119437,26.92403494,451.6054877,31.95630049,53.65484276,0.080957543,-0.048708917,0.57446047
10/14/2023,68.01725796,289.8753567,87.79476282,5558.213603,629.5819639,-9.910766902,8.232724585,25.09569817,622.2722515,30.29310394,47.61080947,1.260335353,-1.192490613,-0.60457309
10/15/2023,79.47215107,436.4349508,82.44769406,9811.38934,868.3145673,33.21856414,8.790635769,25.93313031,561.0937141,32.76169278,66.24222136,0.313677544,0.630260382,-0.101645837
10/16/2023,52.58910009,307.0038479,84.53685819,9386.088076,520.5465787,21.09161227,6.569458402,24.60173612,363.9381709,29.76583696,82.39753925,1.029892676,0.13640159,0.492396549
10/17/2023,49.40262034,521.9316047,89.98706846,12819.17562,591.9122126,16.15141083,9.775346713,25.78419418,659.7428024,31.87913949,73.04471698,0.175024833,0.163600973,-0.084876226
10/18/2023,35.14389114,183.1403049,82.77848373,12691.65398,751.369909,-12.1989269,9.760913395,25.78617617,664.6735526,29.16383705,62.50018131,1.120905797,0.385608532,0.787142853
10/19/2023,49.59302897,347.7763665,86.9159175,12379.72209,351.5745384,11.99639537,11.51400197,27.21549255,882.3165723,29.66287778,56.70036248,0.777404679,0.94318164,0.590439449
10/20/2023,70.20459919,446.5731464,87.77708648,10653.4166,723.5876547,0.027304011,-0.681408922,23.9259997,468.2780336,29.52494244,75.88453343,0.543846573,0.358333997,0.564041938
10/21/2023,34.09556402,391.8248273,87.64972584,12637.66424,699.1444342,16.62054713,15.79404694,26.14499061,366.413913,30.15992778,74.38164517,0.213780415,0.174868943,-0.142345349
10/22/2023,55.47121812,298.8042819,85.29734333,8208.705655,705.2347282,6.491251996,9.157798614,25.25480352,549.8871156,28.62702081,59.69688096,1.167399223,-0.429989361,0.493913445
10/23/2023,41.99938919,286.0458058,82.63729401,10563.01072,695.2371982,-13.08083099,12.58471981,24.10241766,222.1170439,30.14047347,70.0988361,1.243242919,-0.066365041,0.457639461
10/24/2023,51.15762773,248.4446651,81.95250732,5709.418362,562.2441374,10.78547575,11.50993699,26.044855,673.0814083,30.22748844,60.43609942,1.26367549,0.930656164,0.680707111
10/25/2023,52.35545997,450.3360935,82.18972345,10126.5267,1023.935034,27.51521676,0.091757134,25.7690831,502.8468174,33.64833234,88.97571175,1.016580579,0.224837972,0.672404352
10/26/2023,38.51239346,304.7421914,81.98290493,11830.25151,622.2154675,11.40481127,6.659940865,25.35791718,471.1799162,31.46816046,67.70577973,1.222619232,0.404247208,-0.2203244
10/27/2023,45.14223688,294.9064736,89.03025317,10375.21028,819.2018629,13.57510277,-0.679068091,25.55999845,494.9925562,32.35653128,60.98595834,1.117813788,0.258535028,0.193287247
10/28/2023,47.09708393,250.6596042,85.68770885,7206.344125,793.649436,24.96568394,6.783589173,26.19597672,463.5045287,31.02178785,62.85775547,1.146571282,0.100567499,1.363085939
10/29/2023,41.06891404,381.0776489,80.95370146,5601.814059,867.6904214,23.35817625,5.304132613,23.19801595,537.0175609,30.68847303,73.93851489,1.145570052,0.838065702,0.046949238
10/30/2023,51.36756943,251.7793213,81.95106725,8059.788147,520.9832248,9.126851712,4.464717123,24.28321671,332.9504018,29.96230567,73.81301178,1.537262507,-0.291279821,1.026326358
10/31/2023,58.28420806,318.832053,86.0191213,7472.864512,548.7512703,4.635252441,5.746789513,28.72439446,641.8038015,29.80730828,86.75255511,1.433689302,0.656903361,0.00444586
11/1/2023,61.53959293,340.9261447,86.10378057,5679.667623,410.4235511,-2.826492771,4.94582558,25.16116516,597.7016418,31.63557465,92.53537663,2.272958555,0.10679519,0.333052093
11/2/2023,64.00759023,335.5343854,79.39040774,8670.883266,626.6185198,5.167111721,-0.615524565,25.14588664,626.8813204,29.17667275,73.51503216,0.679214132,0.10259719,1.819132746
11/3/2023,28.61512616,247.237491,84.01970275,3871.626624,607.6177415,9.307334342,1.285213819,26.29404645,391.4830382,30.12340851,52.42648814,1.313748553,0.778928335,0.710010958
11/4/2023,50.006687,522.7911568,85.307725,7065.410006,1055.241733,25.94780351,7.188271922,24.72014647,500.4771758,30.19414572,53.26741614,1.984271079,0.499094497,0.206876903
11/5/2023,55.28646783,422.9843856,83.15893945,9485.073504,659.9719912,15.09978249,5.972664891,26.55811137,395.9721601,29.5917539,53.50843599,1.177979913,0.774864616,0.148955221
11/6/2023,61.9723227,350.2166684,83.35818818,6926.056132,612.1000463,19.13643062,1.007986737,22.26920192,390.0336566,31.10539076,44.78886607,0.331884882,0.24109981,0.283412924
11/7/2023,53.02535129,226.8279432,79.97013647,7489.167412,612.576612,0.928140856,2.789555757,25.9421522,374.2297859,32.0477899,71.09482514,1.842584022,0.307900613,-0.306908576
11/8/2023,41.95179553,226.8991484,83.33344414,6060.726261,679.806489,18.95662955,6.761181047,25.30757325,439.4927744,31.2375058,55.24022407,-0.023513042,0.324688214,1.109502118
11/9/2023,49.05719442,486.7487934,84.6869587,8902.234634,734.3801516,31.9043852,5.308158655,25.12543011,540.5388258,30.24408006,60.72787308,0.942078275,0.775670971,0.062919546
11/10/2023,64.72191824,320.0647583,87.50918304,9416.339255,807.4118256,2.51404471,-1.618881236,25.20591932,272.5912474,30.40240036,75.07519417,1.244229479,0.236487991,0.53867361
11/11/2023,59.45406638,255.4307788,83.17622767,10813.54807,941.4240795,19.4847653,8.207985583,23.09773359,539.8213243,31.60597077,67.61476413,0.983546248,-0.054482316,-0.314929816
11/12/2023,65.33463526,325.47623,84.70846536,9784.7649,691.0683643,8.432274116,7.049034277,24.17725908,400.3647331,30.72431482,72.31405369,0.201167683,-0.373810334,0.554540342
11/13/2023,52.12876654,330.2961415,89.18058692,8013.406761,486.0528162,5.687618507,2.140432616,23.39505078,395.6140178,29.02455751,63.01437462,0.599926921,0.052668653,0.646354611
11/14/2023,58.4182195,343.7354225,82.7899536,5381.21222,986.7986051,8.209091266,8.417205937,23.00636777,679.3423618,32.32321491,50.44112479,2.118855784,0.272145644,0.683769215
11/15/2023,58.65544054,399.7978983,84.62640626,7046.04675,768.0954581,-15.64864478,3.352338425,24.82083924,629.0792262,32.12765878,52.19753846,0.279213618,0.09374175,0.733828816
11/16/2023,58.19693263,309.9457738,84.00854146,11967.34604,674.0457736,28.61813612,0.938313261,26.27735744,517.8447231,31.11303216,73.50773533,1.109183923,0.612167976,0.071039228
11/17/2023,70.35930569,348.737817,91.09558816,5532.27205,730.9417798,-7.232856425,5.610184581,25.88288993,531.2984645,32.22839571,77.763698,-0.016287288,-0.311132649,0.255674266
11/18/2023,55.76270967,256.244064,84.86171555,9029.496954,977.7906336,10.26143444,2.078350297,24.06141105,468.930801,32.79951051,70.07047188,0.869547132,0.360486342,-0.079065771
11/19/2023,33.46200424,296.1102292,84.31793117,6830.475577,576.9523743,-0.785468265,10.40992804,26.9387561,671.7743287,29.89879608,68.97043462,0.17218049,-0.623715964,0.64725156
11/20/2023,59.60376797,502.4632229,78.61892592,10218.29528,1001.672158,-8.151258973,6.803766583,25.63957133,298.2186512,30.49180494,50.33567027,0.641532082,0.657646083,0.585932605
11/21/2023,63.08399665,195.3580979,76.14268754,13478.86434,477.5126225,32.39981066,7.927686182,26.83693475,513.7811424,32.68112953,83.44818377,0.079019259,-0.163542269,0.931979533
11/22/2023,35.71605882,416.2631291,75.8175224,8679.408057,588.536108,5.543797674,3.868551924,23.45190778,474.8550558,30.12333825,54.40618972,1.695474285,-0.148702251,-0.087345358
11/23/2023,68.3419332,298.0443307,85.94173494,11336.31612,652.2616068,16.82427424,0.129259842,23.9721164,536.4646256,30.31693332,51.95118291,1.720397948,0.571366999,-0.438313567
11/24/2023,58.4982182,331.214756,80.39355553,4037.978643,657.8580589,15.09764706,13.86238696,26.44349101,678.0855515,32.36933081,47.64100981,0.585927277,-0.286260592,0.304276513
11/25/2023,68.92033992,186.9294139,75.67745753,8252.498013,322.6392077,7.671275744,3.89686886,24.17475514,564.1593173,29.91121054,51.51726748,-0.71205873,-0.41104096,0.226167629
11/26/2023,58.72910446,335.6856271,82.00763631,6575.87706,680.7586375,17.37715695,8.595404782,27.77902139,485.5077368,27.64813151,86.73180887,1.380595819,0.017806837,-0.303482596
11/27/2023,48.69976699,157.5243469,80.94001287,14348.06082,757.4945973,-8.681211015,12.42933914,22.9294391,474.6131734,32.68462241,74.84601582,1.45571848,0.03825231,0.4797452
11/28/2023,66.83297593,293.2121115,80.38776551,5245.100975,775.4827929,10.80745949,6.123351512,24.16457853,554.1618739,31.95492831,80.49305328,2.10406574,0.252568493,-0.097029363
11/29/2023,39.60759834,328.0871673,81.44160857,12802.13612,702.3904936,3.630987405,-7.995344165,22.926448,537.8633322,30.6147912,78.82728686,1.341814322,-0.004215138,0.065183523
11/30/2023,58.84841575,339.0397696,84.30280722,7518.518997,828.5095856,2.58449479,9.609020264,26.70273218,487.5677736,30.18197706,62.80558763,0.973221082,0.555050626,0.333445025
12/1/2023,32.01963969,380.093788,84.11780125,8699.797832,735.6637032,29.58879387,4.724741879,24.81034057,450.8285669,29.21287451,61.55163611,0.3731342,0.666262161,0.178522021
12/2/2023,51.03679343,207.3947794,83.23555234,7364.034229,921.7891403,37.6339856,8.996188228,27.79334712,519.4780579,28.45111621,49.06305714,0.784084476,-0.566215073,0.292125562
12/3/2023,69.26131365,443.5744719,80.73615208,7222.719914,718.2086886,31.64832298,11.04329013,26.60443983,713.2080343,32.57420276,61.91467705,1.741445771,0.229871914,0.371375577
12/4/2023,50.58421497,351.9340037,87.2183088,11330.39142,709.8690903,-10.20623687,9.443396368,25.96010579,507.1272826,32.90886957,57.96680076,0.866983198,0.266067555,0.893806277
12/5/2023,64.56095262,340.202653,82.6212841,7938.365871,445.0323307,24.69525063,9.373669684,26.24281653,518.1593072,31.16735174,62.3680576,1.213449307,-0.214797159,-0.29114022
12/6/2023,42.10348538,336.6173715,86.72259611,11643.97749,572.9390448,26.70811058,3.037994699,23.75100487,408.9308488,31.06675626,84.19712254,1.312397276,0.061502343,0.51529426
12/7/2023,73.16624145,500.3013958,81.7404098,6849.82663,552.1346646,27.75523017,1.142991689,26.86713006,584.5400878,32.50054051,65.12211106,0.841665555,-0.069633989,0.744466932
12/8/2023,63.3973677,406.4486854,82.89802237,12070.34669,648.2822894,12.17774329,4.607963533,24.40681054,290.6549355,28.70154854,78.34123993,0.00746217,0.573582331,0.419729688
12/9/2023,62.86179301,335.648413,87.3948084,7056.722584,685.8678675,10.01084454,7.917514483,27.33866711,537.1117886,28.93140614,76.11895417,0.90747659,0.79916897,0.826451051
12/10/2023,35.7186918,395.8379889,85.81032366,10137.44769,808.1655951,2.972766525,-0.432335603,24.79250199,735.3023939,31.01464732,53.8191682,1.659660483,-0.171034796,-0.327530671
12/11/2023,75.25143587,184.8377282,89.00326885,11518.96699,662.4690192,24.31240578,4.960637488,26.3595842,380.3344565,29.96214425,50.02184417,0.931188308,-0.343953271,0.179877403
12/12/2023,21.85232487,428.3939882,82.46985849,7737.5518,656.373009,-11.55953428,6.97335441,24.83229712,725.4933568,29.80715712,70.7954957,1.692463258,0.08410094,0.044320232
12/13/2023,75.29918069,375.5044539,84.7430544,7288.276779,416.4574689,6.651999268,8.537762598,22.56181041,480.3189259,32.8105588,39.86929254,1.057960925,1.007303204,0.319493466
12/14/2023,70.21707869,357.4014837,88.59778006,4666.365739,552.1861399,-13.21980084,2.961300525,24.5049604,598.7253613,30.34718147,68.68325413,0.888865727,-0.39867786,-0.171497197
12/15/2023,59.19921228,248.9611996,85.65701147,8116.640873,908.9917855,-2.162235164,1.38485358,25.27603528,488.0170191,33.17100925,74.74148034,1.688945962,0.799182509,0.445501975
12/16/2023,64.11179087,453.6358673,82.78024648,9035.010334,704.2790423,-19.58578832,10.36784779,24.70796708,395.5467355,30.42467906,79.55465843,2.299218546,0.559014335,0.056980856
12/17/2023,29.18628551,345.4932432,88.97781302,8416.446804,638.2445638,2.6971691,10.00256095,26.36044735,528.0732658,30.76894373,47.03388433,1.801491679,0.217876749,0.079563705
12/18/2023,45.97851149,338.7178869,79.77658774,7452.346322,910.3021194,9.967155339,1.410754791,26.35839099,416.8997712,31.3655733,71.04084944,1.349348438,0.418061605,0.449473078
12/19/2023,57.81066751,143.5487252,84.87380397,9290.507952,468.8476981,3.413051388,1.504939848,23.46718744,569.5377082,29.25817002,68.0570039,0.443313446,-0.18265397,-0.175379322
12/20/2023,64.54898278,391.2898379,83.64680722,11282.43804,850.697721,15.89838579,2.228129579,25.15519411,581.7646058,30.68112718,94.65083407,2.066231727,-0.764227844,-0.305368591
12/21/2023,58.39540329,140.7169601,83.92268341,5839.773937,538.712945,8.570689354,9.126034942,24.30165303,496.6316879,31.70334293,79.00054356,0.746303086,0.378856747,-0.137528157
12/22/2023,42.58542036,161.5781978,84.16759958,9839.061166,588.8915705,2.46287324,11.87355798,23.32741692,454.6709845,31.24131013,75.0425176,1.4479296,0.249107708,0.281195795
12/23/2023,41.41498915,293.4389013,86.26028315,9981.877927,737.3473449,4.054592733,4.199813254,28.14924595,607.9371299,29.13618808,64.880639,1.25861485,0.018490957,0.473615434
12/24/2023,55.89054242,277.7525232,80.37561673,7794.901201,1015.471149,8.607652894,4.616146902,26.33276896,484.8116103,28.3996159,82.61365934,1.405044293,0.584909296,0.101481977
12/25/2023,67.49748526,317.2395686,90.59656197,8586.350638,596.4818815,12.6984733,0.402166244,26.10577538,585.4338791,31.16824801,79.77169475,2.236202878,0.75374934,-0.138612736
12/26/2023,46.31618122,395.6428747,87.80377699,13789.72614,558.9355779,0.863010579,6.193698028,25.29120424,617.6548799,30.0072595,65.49738756,0.835695373,0.08918169,0.354126993
12/27/2023,56.74792855,524.728067,81.76548,9366.53742,826.4448171,28.62041201,16.20509318,23.62006762,360.1399258,31.25018039,73.44846613,0.895454661,-0.066793493,0.173231223
12/28/2023,51.13878797,405.1698203,81.91365493,11086.95859,888.0475814,-0.18874419,-0.46959005,23.79975421,455.6207596,31.32526649,47.2490936,1.386803375,0.685411793,0.347677577
12/29/2023,71.35589844,304.2324385,84.67319804,9673.510593,599.0915663,-8.084254364,10.86846794,25.30398014,652.1363642,31.35744687,71.10604819,0.446957216,0.404783257,-0.3873904
12/30/2023,47.38637091,246.9499772,84.19957427,9481.001691,516.3958025,15.28614015,-3.095296891,27.14285388,490.4649982,30.27132929,78.42947936,1.590542947,-0.089703152,-0.280831576
12/31/2023,64.8058221,337.894122,84.39065423,7230.152576,793.9454225,6.568786508,16.37751409,26.99136987,615.6864822,31.94077941,63.734233,-0.839736302,-0.23489142,1.315434813
